source,original_name,class
Nippon Paint Marine,cargo hold 1.jpg,clean
Nippon Paint Marine,cargo hold 2.jpg,clean
Nippon Paint Marine,cargo hold 3.jpg,clean
Nippon Paint Marine,cargo hold 4.jpg,clean
Seachios,038772db-641a-4b17-bda8-52d5304d3fa4.jpg,dirty
Seachios,03ac7818-6041-4316-ac59-8cd670b83a21.jpg,clean
Seachios,046c7aff-205a-46c5-8412-6b6fac84fb00.jpg,clean
Seachios,05445a7b-42e4-4053-a6a8-da6a53c99467.jpg,dirty
Seachios,06e271c3-53d1-484e-8c9c-b4034b6b10c1.jpg,dirty
Seachios,0a9ce194-f3f2-4efe-9621-c0df37e23e77.jpg,clean
Seachios,0b050ed2-944b-4963-bcc2-99b4d1f52ec2.jpg,clean
Seachios,0b80c8d6-b7ed-4d79-a706-998916e0a382.jpg,clean
Seachios,0c107874-1545-411e-9302-5faafbe610fd.jpg,dirty
Seachios,1000052030.jpg,clean
Seachios,1000052031.jpg,clean
Seachios,1000052902.jpg,dirty
Seachios,1000052903.jpg,dirty
Seachios,12858a3f-56ed-49e4-95eb-545ae1704614.jpg,clean
Seachios,148a4ab5-c8a0-408f-b303-d78ff890a2c7.jpg,clean
Seachios,1519ac76-9cfd-47f0-bf77-5dc3a1147adc.jpg,clean
Seachios,15808ac5-2909-45dd-b29b-dedc33871aa2.jpg,clean
Seachios,1f3b41fc-aa34-4c16-badc-d00642d98617 (1).jpg,dirty
Seachios,1f3b41fc-aa34-4c16-badc-d00642d98617.jpg,dirty
Seachios,1f6e67e3-237a-4bb6-8350-44c1126bf3a3.jpg,clean
Seachios,1f761525-88f0-4260-93f5-e54363e0a015.jpg,clean
Seachios,1fa83d4b-9b3b-4be9-abd2-fdd04c09a3e2.jpg,clean
Seachios,20230920_174738740_iOS.jpg,clean
Seachios,2098a1bb-3ee3-43ff-b63b-9040b8fe76b6.jpg,clean
Seachios,243d2a88-3e07-460e-a406-743d24a651ea.jpg,clean
Seachios,26144fb8-bb65-45fb-9607-38f3b4cc2df1.jpg,clean
Seachios,2680b77c-75ff-4c05-906b-cf43e1bbf3d6.jpg,clean
Seachios,269de922-5615-4ba0-9acf-1b585e892f6a.jpg,dirty
Seachios,27718cdf-7111-4321-8b5b-d7b51e85d919.jpg,clean
Seachios,27d568c2-6951-4792-b1a8-d7f302bc7675.jpg,clean
Seachios,28e52270-9933-4709-961d-8c308a3722a8.jpg,dirty
Seachios,28f8b2a5-22c3-464d-b008-efb82c40ec67.jpg,clean
Seachios,298de5fc-414c-4c7e-a023-d3651e001672.jpg,clean
Seachios,2a4e2219-13fe-4ee0-a9af-54d55303aa7b.jpg,dirty
Seachios,2acf7695-b310-4340-be43-2d86f2a1ed57.jpg,dirty
Seachios,2ad18055-aaf5-4cf9-8feb-8dc9b64d203c.jpg,clean
Seachios,2b181739-ce39-4906-995c-83742c4c088b.jpg,clean
Seachios,2cc35a54-8d60-472a-a74f-984aec8f068b.jpg,clean
Seachios,2fa862eb-4c46-4d74-9a51-8785b20c9c4e.jpg,dirty
Seachios,2ffe7cdd-ad09-484e-a56c-6cf73fc86541.jpg,dirty
Seachios,30799286-fc80-4789-9601-d7d9e6cc20c8.jpg,clean
Seachios,31de1d15-8ca2-4f70-bd1c-861b5645d358.jpg,dirty
Seachios,322e30a4-57e7-4935-a5b7-b6ff33061350.jpg,clean
Seachios,3237fbcf-20fd-41ad-b1da-86a113666ba1.jpg,clean
Seachios,3280f643-b84f-4fdd-8f77-fe3fbe08b1a4.jpg,dirty
Seachios,3325c33c-1417-4378-8068-31838ac99b3c.jpg,clean
Seachios,339eac4d-40c4-4f51-9900-1c47f733c1ef.jpg,clean
Seachios,35ba328f-1f5c-4c96-bf30-b24cbf47f361.jpg,dirty
Seachios,35fb4642-2cf5-4ed7-a62e-dcfd8bb26fa9.jpg,dirty
Seachios,370f5b4e-9b3f-414c-a1ee-c2366e68dff2.jpg,dirty
Seachios,37ee24f0-aff0-4ae8-83d8-5536629aefc8.jpg,dirty
Seachios,38138539-66d5-4e76-9a8c-56553e44c208.jpg,clean
Seachios,3821fab8-23c9-4906-b689-ca918aaf8c77.jpg,dirty
Seachios,38ea7d22-e45e-4200-8912-08e63301d8f5.jpg,clean
Seachios,3922c7d5-9d74-435b-b968-51ea1aa6bb75.jpg,clean
Seachios,3b89d810-9341-4382-90ba-19f4d98e995e.jpg,dirty
Seachios,3d5b545c-4d8b-44e0-88bd-66adb511ceaf.jpg,clean
Seachios,3df37444-faa5-4fae-8550-32ed209764a6.jpg,dirty
Seachios,3ed7e6fc-84ec-48ec-b594-12a8f8a7cf5b.jpg,clean
Seachios,3fb3a91e-d49d-46a3-9a2d-f0ab982895bf.jpg,clean
Seachios,409250f7-003d-4cfb-bfd9-eaac0f2ef7ed.jpg,clean
Seachios,413841aa-2ac7-49bb-948b-0d5c38098ef1.jpg,dirty
Seachios,41d7a1dc-aac8-4c75-9c62-bb0cfd9fe294.jpg,clean
Seachios,4438defb-de75-4ef9-9eee-b99311e0bee8.jpg,dirty
Seachios,4475bc12-c307-4694-9861-4edd873d10f0.jpg,clean
Seachios,44765f2b-2795-4b74-ba89-94284f4f532d.jpg,clean
Seachios,44f38fa7-9af5-477c-8fff-b2649bd2908e.jpg,clean
Seachios,44fa87df-7c48-47ab-bfdb-ba2eae721489.jpg,clean
Seachios,48629de9-f644-4104-abce-2c6fcc681da1.jpg,dirty
Seachios,49ebfcc4-ea48-426d-b74f-3b048830a9d6.jpg,clean
Seachios,4b86ddfc-0259-4687-a2ca-d0086025f920.jpg,dirty
Seachios,4ca11598-4859-4821-a990-98c2aa47e2a8.jpg,dirty
Seachios,4d29fb87-c71d-4c56-a877-c8cbad5b23b1.jpg,clean
Seachios,4e748f51-8e92-4358-90bd-27e22a7a52b0.jpg,clean
Seachios,4e80e264-2c52-41f8-acf5-e57b127730e5.jpg,clean
Seachios,4eba7886-09fe-4848-b5ba-889bd82ffaac.jpg,clean
Seachios,4ef21ee5-d2f8-4772-a78e-defd058bbee8.jpg,clean
Seachios,4f04e66e-3719-47ea-9ff9-00a6d8399b79.jpg,dirty
Seachios,4f3b8dc3-f917-4c87-84f9-c788a9fd3b3c.jpg,clean
Seachios,4fe15594-8587-42aa-a193-20caf17959c1.jpg,clean
Seachios,50a5df05-dd31-4fc7-8219-c2162365fe18.jpg,clean
Seachios,51a1b332-3ad9-46ae-af1d-9f322e2739e6.jpg,clean
Seachios,5229b308-4210-4eb3-8161-6cfe31e2cd5b.jpg,dirty
Seachios,52782b9f-ffc6-4792-9ffe-b80355fd1592.jpg,clean
Seachios,535668f1-576c-4559-b5bf-a407f76edf9d.jpg,clean
Seachios,54b30c59-663c-448e-a761-90319e3d8e1a.jpg,clean
Seachios,54e80c9b-bad6-42c6-9457-b0a5b04ae186.jpg,dirty
Seachios,580dcefa-b7b7-4d42-ac5c-2274704668d7.jpg,clean
Seachios,5d9d2de2-3e19-491f-88a5-8695aee537af.jpg,dirty
Seachios,5e2c1d55-0e91-4ae9-9880-227f0cc9a5c2.jpg,clean
Seachios,615ac7c7-43c7-4ff5-9d65-918424125711.jpg,clean
Seachios,638f7904-ee98-45c3-9ab8-68e972314509.jpg,clean
Seachios,659ab62f-24e0-4959-bd64-9e679db05487.jpg,clean
Seachios,6673d9e6-1914-4b70-9d5c-40b1e069a367.jpg,clean
Seachios,68f98fa3-02ab-4bd7-a23e-a317b7d78e5e (1).jpg,dirty
Seachios,68f98fa3-02ab-4bd7-a23e-a317b7d78e5e.jpg,dirty
Seachios,6950dfa6-df77-4e8e-b062-80f4ab73044c.jpg,dirty
Seachios,6a346fc1-c19f-45fe-a5a5-1e974ee40028.jpg,clean
Seachios,6b532420-1a8d-4965-af39-edce696cceb0.jpg,clean
Seachios,6b651e79-1ffa-4400-95e3-2e37c15023f2.jpg,clean
Seachios,6b99b5bd-2fe4-4ca6-8f1a-3024c8eb50ab.jpg,clean
Seachios,6bbe2f92-169d-450c-a544-4f07c11fdb87.jpg,dirty
Seachios,6c993cee-bdb8-4dd3-8890-4307048b89b9.jpg,clean
Seachios,6d84edf4-ff74-47ae-9fa8-7726644732da.jpg,dirty
Seachios,6f0f176f-b39b-4e44-ba3d-4f672b14ffe7.jpg,clean
Seachios,6f48b644-cd48-4608-af35-6722f2ca0f8e.jpg,dirty
Seachios,6f768be4-885d-4a8a-80ba-796f972e66f6.jpg,dirty
Seachios,6f8b15ef-f7ec-483b-9d56-e6e8b0835d67.jpg,clean
Seachios,6fa4a13c-2151-451d-abb1-8c884a3be72c.jpg,clean
Seachios,6faf800f-de2d-4b1c-8597-54fa4228a4ed.jpg,dirty
Seachios,6fbadca1-fa92-4341-abda-4dd026d49948.jpg,clean
Seachios,6fc42e5b-20e0-4bce-83b8-dffde04c3214.jpg,clean
Seachios,711f8191-0da6-4aef-b017-7a7a0c3c86b1.jpg,dirty
Seachios,72073722-8a75-4257-b556-2f4e7ac00478.jpg,dirty
Seachios,74dd23cd-b953-4697-80f2-e776355a1a54.jpg,clean
Seachios,78c3af20-e273-4767-bd67-f95fa4e72894.jpg,clean
Seachios,790bd984-94a5-4cc6-ab53-26fe8600a714.jpg,clean
Seachios,7aac0b79-a4d2-46c0-babc-188e4a1de6d0.jpg,clean
Seachios,7aecd429-555a-4ecf-ab06-186eff128502.jpg,clean
Seachios,7cd818d5-9ec5-45f4-9437-fdf1d4066d82.jpg,clean
Seachios,7d75ba28-0710-4ec1-bae7-f948704f33f6.jpg,clean
Seachios,7d75e230-be00-4fcc-a787-3b446b4c1f27.jpg,clean
Seachios,7e457a8a-9ea9-47f4-a9b3-6b9d1850e1c7.jpg,clean
Seachios,7edc1c8d-0c8f-4fe5-a062-09cda8068de5.jpg,clean
Seachios,7fc59086-aa40-432c-974a-661f3c75c4e5.jpg,clean
Seachios,80d1cd94-11a6-437c-8ee9-0ef0e3ddcd63.jpg,dirty
Seachios,811e1805-214e-4aa8-9a9b-68a51001a757.jpg,clean
Seachios,81c4f7b4-cb59-47d7-9af9-e2f5b016c703.jpg,clean
Seachios,81e934a0-0b71-4d4d-b862-0e998b37fd51.jpg,clean
Seachios,82829ec5-2bdb-4e13-87b5-0311aab8783f.jpg,clean
Seachios,84d3b26c-a439-421c-aff1-4ba758fc816a.jpg,clean
Seachios,85cf540d-504d-4596-840b-d4e58cee4236.jpg,dirty
Seachios,8671e33e-46c7-48b1-a169-053021706466.jpg,clean
Seachios,86af67fe-692c-453a-ba52-abfdb0d8632e.jpg,clean
Seachios,86cda6f7-67d0-4af8-bbb6-8520fa4d2110.jpg,dirty
Seachios,88249d96-ba09-4068-bc7c-531f078692ee.jpg,clean
Seachios,886890f1-be25-4907-a0f0-d72d7582af94.jpg,clean
Seachios,897dfcc6-797d-466a-9f68-18007f585558.jpg,dirty
Seachios,8b31ac1e-7624-4fe7-88c2-b070b55980b6.jpg,dirty
Seachios,8b43d4e9-222a-4cea-bb4a-ecf24f836efb.jpg,clean
Seachios,8bdc8624-89b8-4afc-bf68-4c36c24534ba.jpg,dirty
Seachios,8c7c659f-dad3-4a58-bd0b-b144b24879c0.jpg,clean
Seachios,8dde6021-a5eb-46a0-bd19-2d6dd0bd1804.jpg,dirty
Seachios,8e272263-3cfd-4a22-a53b-71591ae67d0c.jpg,dirty
Seachios,8ea55253-905a-4ab9-95cb-c212b5cf1877.jpg,dirty
Seachios,911a114e-0ee8-48ce-9e3a-01b0a752c258.jpg,clean
Seachios,927a6e11-7fd6-4f7f-811f-33979b7868d4.jpg,dirty
Seachios,92adfcd4-acb9-4778-80d7-23939090acff.jpg,clean
Seachios,94a1fb81-fd37-41f1-9704-e40864b03ef3.jpg,clean
Seachios,954d1304-f9f3-4c42-99fb-a17b04ac0e03.jpg,dirty
Seachios,96958124-01df-413e-87a6-d2412a4d558d.jpg,dirty
Seachios,969d5d84-b6ac-47c1-a2a2-861701fc06e2.jpg,clean
Seachios,97520861-ad07-4ee1-b3ba-b58f21e1c170.jpg,clean
Seachios,97ccd221-bcaa-41b1-a910-9369c48c7fb1.jpg,dirty
Seachios,986975fc-440b-405e-abe7-8e5d93cee397.jpg,clean
Seachios,987d3c15-2d78-4c9e-be94-06a24bd4f70b.jpg,clean
Seachios,99acb451-4a33-48d4-a60f-e7169e9f9c3d.jpg,clean
Seachios,9c6e7156-1bd7-4f80-99d5-817a7e6b7d6e.jpg,dirty
Seachios,9f526495-066b-4582-be1f-980420bbba3c.jpg,clean
Seachios,a001643d-3786-4dc4-b620-f99f98de3c96.jpg,dirty
Seachios,a2a45c96-1366-4a2f-8c0b-da33254cef37.jpg,clean
Seachios,a54c101c-bc8e-4203-b48d-98e2d2f4be48.jpg,dirty
Seachios,a6f55de9-9327-4113-b210-854bbcb7924e.jpg,dirty
Seachios,a796683c-1a78-483b-911d-e5e6d5b0414e.jpg,clean
Seachios,a9b54fb6-d5c0-4631-91c2-6f679f606fa4.jpg,dirty
Seachios,a9dbef0b-55fe-401a-b2b2-a2497aeaa42c.jpg,clean
Seachios,aacdf59f-f5fe-4393-920e-98c4a375db91.jpg,clean
Seachios,ab176ec4-67c8-4c68-9e81-765d68adf6d7.jpg,clean
Seachios,ab78fc31-1159-45ee-9a36-76cdd9cf267d.jpg,dirty
Seachios,ad26ac07-bc0a-41ba-a0c0-523195aa5936.jpg,clean
Seachios,ada5dc41-f8e1-4d0e-91c0-d3f685d2cc74.jpg,clean
Seachios,aef49c5d-f68f-4381-9cae-e543f1bb2b83.jpg,clean
Seachios,Alumina+in+a+cargo+hold+well+prepared.jpg,not_used
Seachios,b00c781c-09cf-483c-9b59-3d63e94eb3c0.jpg,clean
Seachios,b2d064c3-3851-4cf4-8380-195c89569379.jpg,clean
Seachios,b2f1ce20-44d2-4a69-8898-d80e67a6a504.jpg,dirty
Seachios,b3b6aadd-b136-4ab6-8e98-503312887908.jpg,clean
Seachios,b684aca7-af17-4931-9928-30707d8c84f8.jpg,dirty
Seachios,bac78898-1cf5-4ba5-9972-f9c8ce3d68cb.jpg,clean
Seachios,bb8957f9-7a04-468d-a3e2-322313392d4f.jpg,clean
Seachios,bceb6b7c-0e71-4cbd-9150-c05d81cdbc5a.jpg,clean
Seachios,bdf9e26d-f44c-4988-9af3-e3f6e5fb4067.jpg,dirty
Seachios,be2b4f7c-a0d4-4413-8926-57c22b75af3c.jpg,clean
Seachios,c07aab5d-ed3e-456b-a92f-04419fdce315.jpg,clean
Seachios,c16e80ab-8e28-40d9-b2a4-a8f50d2e5f10.jpg,clean
Seachios,c18d7d4c-79a2-4c75-8445-98d0c8d15688.jpg,dirty
Seachios,c4e64088-a912-4086-8a95-939c8c38702b.jpg,clean
Seachios,c67ab26e-f3fe-41b6-9d21-9fcca2e4e9c1.jpg,not_used
Seachios,c6b8cf49-7f9c-423a-be16-df74f12afcde.jpg,dirty
Seachios,c6dfcd0e-f7eb-40f8-a708-e9971cf40e1f.jpg,clean
Seachios,c7c992b9-5b5d-4d2a-81fb-30e759b33d8d.jpg,clean
Seachios,c857e82a-feeb-40d4-a259-d20a8d3a4599.jpg,clean
Seachios,c89cba53-32bf-45f5-af46-29e718103114.jpg,clean
Seachios,cargo-hold-painting-bulkoperations-by-seachios.jpg,dirty
Seachios,cbfc9214-b427-4f87-b877-26740ce0aba1.jpg,clean
Seachios,cce2fff4-2232-4a20-a94d-b1722a471fba.jpg,clean
Seachios,cda5038b-9840-4be4-aa14-e1943a7bf730.jpg,clean
Seachios,cfc68431-2bbe-410b-86bd-9fc172999f7f.jpg,clean
Seachios,cover-seachios-cargo-hold-cleaned.jpg,clean
Seachios,d2247a0b-2ec0-4e05-a272-9b7134c5ab13.jpg,dirty
Seachios,d40def48-9c2f-4039-a483-774356e9b4f6.jpg,clean
Seachios,d6d39b94-eff6-444f-aa5f-7c1689b891a5.jpg,clean
Seachios,d8fcf00d-5bd6-4872-9d7e-9a51cbb9e02e.jpg,dirty
Seachios,d96821bd-83ce-417f-ac31-5809b845bb5d.jpg,clean
Seachios,db4d647d-a03d-4191-b3e5-f4be537b14d3.jpg,dirty
Seachios,dc76e48b-80b3-4ccf-9818-9f5dfe21eac3.jpg,dirty
Seachios,dd8a8fd5-cb76-4be0-8a01-30147f6e1b2a.jpg,clean
Seachios,dd9df8bd-c864-48cb-9f36-b77e1381dd14.jpg,dirty
Seachios,ddb73bb8-813b-448f-9118-dc04205cba96.jpg,dirty
Seachios,e15f2329-aa6d-4ee3-8822-60bdaebc6aaf.jpg,clean
Seachios,e28ea25a-96de-4305-ae4c-f3f96cfcfef1.jpg,clean
Seachios,e29ea672-6d46-40d7-90a2-3a7f30bda716.jpg,clean
Seachios,e500598e-3da8-4018-b81a-aa4fe530c060.jpg,clean
Seachios,e6020f64-ae49-439d-8385-6effa8b59f77.jpg,clean
Seachios,e8bd70b3-94fd-4c84-a7cc-46c5575110bd.jpg,dirty
Seachios,e9151cac-5815-4914-b7d8-95b94c12823f.jpg,clean
Seachios,ec72683c-9720-47f0-8158-5c6c1dbe3e99.jpg,clean
Seachios,ec7cd54c-9f8c-438c-9ba8-d4e991334728.jpg,clean
Seachios,f1a87ccd-9105-4bc1-94e4-c82ed6688812.jpg,dirty
Seachios,f257a8e8-e780-4ffc-9c71-7733f2baee8a.jpg,clean
Seachios,f2c94b79-6d93-47ec-97e7-e0c7b8dadca7 (1).jpg,dirty
Seachios,f2c94b79-6d93-47ec-97e7-e0c7b8dadca7.jpg,dirty
Seachios,f5b4d1d1-8c4c-476e-bda2-efad682c0f59.jpg,clean
Seachios,f87eaf76-5a33-4648-8be2-70786a9099b0.jpg,dirty
Seachios,fa271926-46c6-4315-b43b-38e43b38f40a.jpg,clean
Seachios,fadd6c50-e9f4-4c48-a653-db4df299bbd0.jpg,clean
Seachios,fbe47f9c-149a-44ce-a15f-b1a6ddcc3021.jpg,clean
Seachios,fcf41d0b-2938-443c-9cfe-00f8b1c004a6.jpg,clean
Seachios,febd7c57-db1e-4b35-97ce-1d63ee3a7822.jpg,clean
Seachios,fed5972e-c03c-4ca8-84b2-d7a862b764e9.jpg,clean
Seachios,ffbdef5a-b98a-4489-bff5-589800c99570.jpg,clean
Seachios,image0.jpg,clean
Seachios,image1.jpg,clean
Seachios,image10.jpg,clean
Seachios,image11.jpg,clean
Seachios,image12.jpg,not_used
Seachios,image13.jpg,dirty
Seachios,image16.jpg,clean
Seachios,image17.jpg,clean
Seachios,image18.jpg,clean
Seachios,image2.jpg,clean
Seachios,image22.jpg,clean
Seachios,image3.jpg,dirty
Seachios,image4.jpg,clean
Seachios,image5.jpg,clean
Seachios,image6.jpg,clean
Seachios,image9.jpg,clean
Seachios,IMG-20241014-WA0072.jpg,dirty
Seachios,IMG-20241014-WA0074.jpg,dirty
Seachios,IMG-20241014-WA0077.jpg,dirty
Seachios,IMG-20241014-WA0152.jpg,clean
Seachios,IMG-20241014-WA0153.jpg,clean
Seachios,IMG-20241014-WA0154.jpg,dirty
Seachios,IMG_5908.jpg,clean
Seachios,painting+services+hull+ship.jpg,not_used
Seachios,pro-KHhaaW2m.jpeg,clean
Seachios,pro-Yn1glliN.jpg,clean
Seachios,recovered-cargo-hold-by-seachios-bulkoperations.jpeg,clean
Seachios,WhatsApp Image 2024-06-08 at 01.jpg,clean
Seachios,WhatsApp Image 2024-06-08 at 02.jpg,clean
Seachios,WhatsApp+Image+2024-06-08+at+01.18.35+(1).jpeg,clean
Seachios,WhatsApp+Image+2024-06-08+at+01.18.35+(2).jpeg,clean
Seachios,WhatsApp+Image+2024-06-08+at+01.18.35+(3).jpeg,clean
Seachios,WhatsApp+Image+2024-06-08+at+01.18.35+(4).jpeg,clean
Seachios,WhatsApp+Image+2024-06-08+at+01.18.35+29.jpg,clean
Seachios,WhatsApp+Image+2024-06-08+at+01.18.36+(1).jpeg,clean
Seachios,WhatsApp+Image+2024-06-08+at+01.18.36+(2).jpeg,clean
Seachios,WhatsApp+Image+2024-06-08+at+01.18.36+(3).jpeg,clean
Seachios,WhatsApp+Image+2024-06-08+at+01.18.36.jpeg,clean
Seachios,WhatsApp+Image+2024-06-08+at+01.18.36.jpg,clean
Three Ds Marine,100051832_2995576943822881_4862361595679866880_n.jpg,dirty
Three Ds Marine,100072920_2995576610489581_2211899507375865856_n.jpg,clean
Three Ds Marine,100100291_2995576600489582_4072725179636121600_n.jpg,dirty
Three Ds Marine,100474906_2995576417156267_4349487993107513344_n.jpg,dirty
Three Ds Marine,100479422_2995576340489608_373633833737650176_n.jpg,dirty
Three Ds Marine,100479425_2995580610489181_6851986478084390912_n.jpg,dirty
Three Ds Marine,100560110_2995577947156114_6411977601279066112_n.jpg,dirty
Three Ds Marine,12c943_01784894d7a94b78ad879c70922956c4~mv2.jpg,dirty
Three Ds Marine,12c943_0256842f37bb40ca879aa35ddc9dfb13~mv2.jpg,dirty
Three Ds Marine,12c943_05af8b83336a4cab832984ca2ee433a9~mv2.jpg,dirty
Three Ds Marine,12c943_079430c376f04d0cbb0f9c5d83fe6885~mv2.jpg,dirty
Three Ds Marine,12c943_0b5adadd0c844639ac571ac99410c24a~mv2.jpg,dirty
Three Ds Marine,12c943_0c8df06f33884f4a81ff32946e15dee4~mv2.jpg,dirty
Three Ds Marine,12c943_0d9097faf57245fb9ab06fdc683593e0~mv2.jpg,dirty
Three Ds Marine,12c943_0e95ce59ba674e72a85e742df4ef6b14~mv2.jpg,dirty
Three Ds Marine,12c943_10e09cc13180416fa0ef6226035d0f41~mv2.jpg,dirty
Three Ds Marine,12c943_143c59909c024e2fb2523468efcedd6f~mv2.jpg,dirty
Three Ds Marine,12c943_1a551548700c457e94dd9167c36385c1~mv2.jpg,dirty
Three Ds Marine,12c943_1b3254fa8d3843098793ccb82fbf1d3b~mv2.jpg,dirty
Three Ds Marine,12c943_1f75c554d0fa4f978293983a325b1934~mv2.jpg,dirty
Three Ds Marine,12c943_1ff40351da324d869a7f3b4c40d1b3e2~mv2.jpg,dirty
Three Ds Marine,12c943_250576ae29804f4383ace26b13765408~mv2.jpg,dirty
Three Ds Marine,12c943_25200181e5054bb49a419cafb1c8a887~mv2.jpg,dirty
Three Ds Marine,12c943_2f3f2a98486848089de33b5b90c36542~mv2.jpg,dirty
Three Ds Marine,12c943_2fa04463d9254f2b8baf668e14de169a~mv2.jpg,dirty
Three Ds Marine,12c943_300a1428830f4724850b59d09ef3c5ac~mv2.jpg,dirty
Three Ds Marine,12c943_32ff810ef48641c1959e3632be9fc6c9~mv2.jpg,dirty
Three Ds Marine,12c943_35c4d1432c5c42828eaf570244a4c72d~mv2.jpg,dirty
Three Ds Marine,12c943_3bc17c3f912841f4a7603e4f39510ebb~mv2.jpg,clean
Three Ds Marine,12c943_3ff23eb06ed2403caec2cc4de7aa13d3~mv2.jpg,dirty
Three Ds Marine,12c943_41db95433ef840a8841ff999ba5594d3~mv2.jpg,dirty
Three Ds Marine,12c943_435970e568d3431aaef3c52dd4d44467~mv2.jpg,dirty
Three Ds Marine,12c943_468c16c8337143a491c052f986f69fe4~mv2.jpg,dirty
Three Ds Marine,12c943_478bc06becdf4b48a4959153a52b3d17~mv2.jpg,dirty
Three Ds Marine,12c943_496081d9d3e846ab853eb797d421a98c~mv2.jpg,clean
Three Ds Marine,12c943_50a3fae6478a485fa9fca909ef8e5f0f~mv2.jpg,dirty
Three Ds Marine,12c943_52556a070d844543b57583b7291c93a5~mv2.jpg,clean
Three Ds Marine,12c943_58584a79314748be87e4ca0e14376463~mv2.jpg,clean
Three Ds Marine,12c943_5a9ae98971104120933b0f14dfb396a6~mv2.jpg,dirty
Three Ds Marine,12c943_5ededfe2fac0434fa66d0f2bf42e8ffd~mv2.jpg,dirty
Three Ds Marine,12c943_637aad6ec5dc49158f080e2995af3914~mv2.jpg,dirty
Three Ds Marine,12c943_68ff2f6250c24c1f9a712fa7b8d4b8ff~mv2.jpg,dirty
Three Ds Marine,12c943_6d29c9d2e395436fae88ef96e994cc62~mv2.jpg,dirty
Three Ds Marine,12c943_6e5e6bce798c4a79bdfe21b92be8e822~mv2.jpg,dirty
Three Ds Marine,12c943_6ffd5c1009834472affd0ef243154370~mv2.jpg,dirty
Three Ds Marine,12c943_7674c9ee45bb435191cf6a5512e55568~mv2.jpg,dirty
Three Ds Marine,12c943_7da1a16be47944e1928c2b54b75dcac4~mv2.jpg,dirty
Three Ds Marine,12c943_80f4c486005e4b5bb497555516d3ff1e~mv2.jpg,dirty
Three Ds Marine,12c943_8348be08d50c407899b36cd83809d70b~mv2.jpg,dirty
Three Ds Marine,12c943_8711e45d838a4e96a85c4877929922b9~mv2.jpg,dirty
Three Ds Marine,12c943_888c681d6db143ee9af6c8b1c80514a3~mv2.jpg,dirty
Three Ds Marine,12c943_89c719128c2f499a9c28136e4f71513e~mv2.jpg,dirty
Three Ds Marine,12c943_8a748a39db414724a2ff172600453898~mv2.jpg,dirty
Three Ds Marine,12c943_8e3d45cdda504a76b22f5fb811f59fe2~mv2.jpg,dirty
Three Ds Marine,12c943_9bfabd2a406443b5ad1b034edf1fd6ff~mv2.jpg,dirty
Three Ds Marine,12c943_9d03168613154158b4b699ed04c44d99~mv2.jpg,dirty
Three Ds Marine,12c943_9e125955cb784a0a8abc0308fc107e01~mv2 .jpg,dirty
Three Ds Marine,12c943_9fc3784696854bada54042bffbacbb97~mv2.jpg,dirty
Three Ds Marine,12c943_a78291060cfa4a6b819ce537735a359b~mv2.jpg,dirty
Three Ds Marine,12c943_a90caf7f346b416daad162f90674215a~mv2.jpg,dirty
Three Ds Marine,12c943_ad3d68712e024c038302401bfc177bcb~mv2.jpg,dirty
Three Ds Marine,12c943_b20de859cd0d47e397446cbbcec30f16~mv2.jpg,dirty
Three Ds Marine,12c943_b39fdc489ba944a8a567415f3928e108~mv2.jpg,dirty
Three Ds Marine,12c943_b43857a7c04f48058462d098b046512e~mv2.jpg,dirty
Three Ds Marine,12c943_b619f4093a7243589049f251d8006a5f~mv2.jpg,dirty
Three Ds Marine,12c943_b80e3931d0e1482db8e5fbbe69dbaa60~mv2.jpg,dirty
Three Ds Marine,12c943_b8f1aa84d3e94bea871c963145fc3acd~mv2.jpg,dirty
Three Ds Marine,12c943_b9bedf5202884aa28ff4a52778387ad8~mv2.jpg,dirty
Three Ds Marine,12c943_bcae61082506456cb450dd2fc3c4c40c~mv2.jpg,dirty
Three Ds Marine,12c943_c4df2fffbfff40328871efe0f291f3b2~mv2.jpg,dirty
Three Ds Marine,12c943_c655ce622e834045ad6a77b46b7579eb~mv2.jpg,dirty
Three Ds Marine,12c943_c81b3a824bb041719f1729babef9eeb1~mv2.jpg,dirty
Three Ds Marine,12c943_c848c295e3d2464c96d2e64d900ce4c4~mv2.jpg,dirty
Three Ds Marine,12c943_c89e965284054d2a96437e7f7ea5a074~mv2.jpg,dirty
Three Ds Marine,12c943_cd41237a10f2407b89f1966ac9b600f6~mv2.jpg,clean
Three Ds Marine,12c943_cf76b2d8c0e547f78463d4ff0933efc8~mv2.jpg,clean
Three Ds Marine,12c943_d4b928f2cfd042f2b5571f9f6d8f52e2~mv2.jpg,dirty
Three Ds Marine,12c943_d51d1cf0cc2140a098ac6e3d506c2945~mv2.jpg,dirty
Three Ds Marine,12c943_d95ecb50bf9147aeb5401518c594378a~mv2.jpg,dirty
Three Ds Marine,12c943_da3b89f8d981498aa98df18de32bc30b~mv2.jpg,dirty
Three Ds Marine,12c943_db2837f7493d4cdea7d4d79c4cc7b70a~mv2.jpg,dirty
Three Ds Marine,12c943_dd926d934c464a2990d3288d3e62ea47~mv2.jpg,dirty
Three Ds Marine,12c943_df0d11f380804563a7307b36b4b3f89c~mv2.jpg,dirty
Three Ds Marine,12c943_e081ca72bc674f848fa52b4bdae6665a~mv2.jpg,dirty
Three Ds Marine,12c943_e36d814d363d4f36a762509d03baf881~mv2.jpg,dirty
Three Ds Marine,12c943_e3a76761a7d34b8484121855dd8b67c4~mv2.jpg,clean
Three Ds Marine,12c943_e53efdefc0294acaa30e0a394f266436~mv2.jpg,dirty
Three Ds Marine,12c943_e846dc60c59c43b5956c9f6f0f939d1b~mv2.jpg,dirty
Three Ds Marine,12c943_ecb0bdeed8c44f29974d67fbc5c0dc10~mv2.jpg,dirty
Three Ds Marine,12c943_eeaa9cac3dc74532b953add282d5981a~mv2.jpg,dirty
Three Ds Marine,12c943_ef066e95015f4892b60cc9e4dbb008c9~mv2 (1).jpg,dirty
Three Ds Marine,12c943_efd8bd3332474e328fdbcef5cb7d2f46~mv2.jpg,dirty
Three Ds Marine,12c943_f46c83e99b814155b321c0362a90d074~mv2.jpg,dirty
Three Ds Marine,12c943_f4c0402331dc459bbc48eeee1692a07e~mv2.jpg,dirty
Three Ds Marine,12c943_f61f9ce00a464a6bbb4db22db9022462~mv2.jpg,dirty
Three Ds Marine,12c943_f70a2823fd3c49e9a182372057092396~mv2.jpg,dirty
Three Ds Marine,12c943_f89a32fc0a8741aa9a7243b2284d46a4~mv2.jpg,dirty
Three Ds Marine,12c943_f8af22d776b9411c826425753072d905~mv2.jpg,dirty
Three Ds Marine,12c943_f8bd351e18894497b4f3fa85fa17d98d~mv2.jpg,dirty
Three Ds Marine,12c943_faf386bccc724690a27ab2d4bbaa758a~mv2.jpg,dirty
Three Ds Marine,12c943_fbe3c10b7aeb4f7cbb5d25e688258b88~mv2.jpg,dirty
Three Ds Marine,12c943_fe61537876c040c3a5c78336232d6d51~mv2.jpg,dirty
Three Ds Marine,464579506_8596808880366298_2626245016873577685_n.jpg,dirty
Three Ds Marine,46458048_1983208705059715_3649318696481980416_n.jpg,dirty
Three Ds Marine,464605470_8596809670366219_2985455752097115405_n.jpg,dirty
Three Ds Marine,46470628_1983209375059648_1082277994191388672_n.jpg,dirty
Three Ds Marine,46474608_1983203988393520_7337535301151096832_n.jpg,clean
Three Ds Marine,464782733_8596808883699631_6415090578428962945_n.jpg,dirty
Three Ds Marine,46479436_1983203255060260_2954830885674811392_n.jpg,dirty
Three Ds Marine,46479639_1983212401726012_8316023692647727104_n.jpg,dirty
Three Ds Marine,46479894_1983203248393594_4600927546257702912_n.jpg,dirty
Three Ds Marine,46480068_1983212595059326_3754220858915160064_n.jpg,dirty
Three Ds Marine,46480113_1983212451726007_5833898715751907328_n.jpg,dirty
Three Ds Marine,46480408_1983204101726842_5489380989299851264_n.jpg,dirty
Three Ds Marine,464809049_8596808897032963_2794793965247910768_n.jpg,clean
Three Ds Marine,46482116_1983209225059663_187809346371977216_n.jpg,clean
Three Ds Marine,46482230_1983209068393012_3043031311863250944_n.jpg,dirty
Three Ds Marine,46482242_1983203398393579_1707927121445257216_n.jpg,dirty
Three Ds Marine,46482812_1983220955058490_4243280426904322048_n.jpg,clean
Three Ds Marine,46482831_1983209745059611_7167495265274822656_n.jpg,dirty
Three Ds Marine,46485255_1983203818393537_3201839484274475008_n.jpg,dirty
Three Ds Marine,46485310_1983220985058487_724965027588603904_n.jpg,clean
Three Ds Marine,46485610_1983203291726923_8918729452498714624_n.jpg,dirty
Three Ds Marine,46485657_1983197591727493_4784383999109758976_n.jpg,clean
Three Ds Marine,46485835_1983209641726288_3992047908357668864_n.jpg,dirty
Three Ds Marine,46486158_1983212435059342_1997581678687551488_n.jpg,dirty
Three Ds Marine,46486171_1983204188393500_5581633309110173696_n.jpg,dirty
Three Ds Marine,46486215_1983212631725989_1645147528645050368_n.jpg,dirty
Three Ds Marine,46486341_1983204095060176_7365105422073593856_n.jpg,dirty
Three Ds Marine,46488036_1983220928391826_2766025952998719488_n.jpg,clean
Three Ds Marine,46488538_1983203535060232_1285165729494073344_n.jpg,dirty
Three Ds Marine,46489434_1983203338393585_520208788238630912_n.jpg,dirty
Three Ds Marine,46489502_1983212485059337_1141353066029645824_n.jpg,dirty
Three Ds Marine,46489567_1983209175059668_3498757359495282688_n.jpg,dirty
Three Ds Marine,46491446_1983209548392964_3471892652591415296_n.jpg,dirty
Three Ds Marine,46491567_1983212668392652_5086660868234543104_n.jpg,dirty
Three Ds Marine,46492051_1983209721726280_1403810614748381184_n.jpg,dirty
Three Ds Marine,46492307_1983203298393589_516987803284799488_n.jpg,dirty
Three Ds Marine,46492613_1983209318392987_2701285471404687360_n.jpg,dirty
Three Ds Marine,46492692_1983212395059346_4711620909448822784_n.jpg,dirty
Three Ds Marine,464927307_8596808893699630_4616843235161589391_n.jpg,dirty
Three Ds Marine,46492871_1983209448392974_3887692697124732928_n.jpg,dirty
Three Ds Marine,46492956_1983209461726306_2585883857689509888_n.jpg,dirty
Three Ds Marine,464934201_8596809943699525_6001091768083424192_n.jpg,dirty
Three Ds Marine,46494400_1983209191726333_5846365545523314688_n.jpg,dirty
Three Ds Marine,46494552_1983208541726398_2517286912075497472_n.jpg,dirty
Three Ds Marine,46494600_1983204141726838_6445632630003073024_n.jpg,dirty
Three Ds Marine,46495518_1983209298392989_172984257432518656_n.jpg,dirty
Three Ds Marine,464955465_8596809193699600_2663622729086563515_n.jpg,dirty
Three Ds Marine,464955910_8596809937032859_4518513590993291098_n.jpg,dirty
Three Ds Marine,46496131_1983208598393059_3783371648061669376_n.jpg,dirty
Three Ds Marine,464971735_8596808900366296_8028269345035415729_n.jpg,clean
Three Ds Marine,464973228_8598614233519096_1981769777951285788_n.jpg,dirty
Three Ds Marine,465006292_8596809663699553_3071085506199365337_n.jpg,dirty
Three Ds Marine,465010541_8596808890366297_8425820421757390710_n.jpg,dirty
Three Ds Marine,46501068_1983209048393014_8303805008906813440_n.jpg,dirty
Three Ds Marine,46501210_1983212501726002_1325216905119662080_n.jpg,dirty
Three Ds Marine,465012552_8596809197032933_5441120531111309966_n.jpg,dirty
Three Ds Marine,46501766_1983209401726312_3296655195185872896_n.jpg,dirty
Three Ds Marine,46501801_1983212771725975_7138488890108674048_n.jpg,dirty
Three Ds Marine,46501924_1983212538392665_142864291735797760_n.jpg,dirty
Three Ds Marine,46502332_1983220911725161_1907524628331364352_n.jpg,clean
Three Ds Marine,465031171_8598614230185763_4296054996684274349_n.jpg,dirty
Three Ds Marine,46503175_1983204045060181_9136750208716111872_n.jpg,clean
Three Ds Marine,465036059_8596808867032966_377546931752789381_n.jpg,clean
Three Ds Marine,46503632_1983209575059628_3235276740976705536_n.jpg,dirty
Three Ds Marine,46503771_1983209128393006_1605920918020816896_n.jpg,dirty
Three Ds Marine,46504075_1983197618394157_8326112360372633600_n.jpg,dirty
Three Ds Marine,465042804_8598614470185739_7468474546712356130_n.jpg,clean
Three Ds Marine,465048728_8598614236852429_2599525160204834742_n.jpg,dirty
Three Ds Marine,465049001_8598614226852430_348286118249082025_n.jpg,dirty
Three Ds Marine,465056456_8598614246852428_2220850128606591258_n.jpg,dirty
Three Ds Marine,46505789_1983203221726930_2115457137730650112_n.jpg,dirty
Three Ds Marine,465061049_8605905329456653_825239233404626275_n.jpg,dirty
Three Ds Marine,465061111_8605905299456656_6425473363743757252_n.jpg,dirty
Three Ds Marine,465061466_8605905089456677_1542163446288814787_n.jpg,dirty
Three Ds Marine,465062812_8596809190366267_1476424721414631274_n.jpg,clean
Three Ds Marine,465063817_8598614216852431_5087345648173600448_n.jpg,dirty
Three Ds Marine,465068012_8596809177032935_4452219693552537755_n.jpg,dirty
Three Ds Marine,465068367_8596809200366266_8970050302968443205_n.jpg,dirty
Three Ds Marine,46508831_1983203755060210_6577736907675926528_n.jpg,dirty
Three Ds Marine,465097679_8598614220185764_4847132000035177388_n.jpg,dirty
Three Ds Marine,46510903_1983203408393578_3308155545646530560_n.jpg,dirty
Three Ds Marine,46511104_1983204148393504_368621241830998016_n.jpg,dirty
Three Ds Marine,465113651_8596809180366268_6306524053353509443_n.jpg,dirty
Three Ds Marine,465113660_8598614486852404_3598750916332545183_n.jpg,dirty
Three Ds Marine,465117726_8596809933699526_8867010380835987670_n.jpg,dirty
Three Ds Marine,465124080_8596808877032965_980746796983974607_n.jpg,dirty
Three Ds Marine,46513352_1983209245059661_8535828230387531776_n.jpg,dirty
Three Ds Marine,465136067_8605905069456679_7078803859658274562_n.jpg,dirty
Three Ds Marine,46513631_1983208638393055_5004069592025268224_n.jpg,dirty
Three Ds Marine,465139711_8603877839659402_690176579647511759_n.jpg,dirty
Three Ds Marine,465140205_8603877659659420_3260831202400065000_n.jpg,dirty
Three Ds Marine,465147508_8605904836123369_8312442195038189880_n.jpg,dirty
Three Ds Marine,465148809_8605905082790011_1283324417758121117_n.jpg,dirty
Three Ds Marine,465149979_8596809683699551_3168068499266712088_n.jpg,dirty
Three Ds Marine,465150512_8605905302789989_8381134459548991786_n.jpg,dirty
Three Ds Marine,465158874_8605905062790013_6027082673576362744_n.jpg,dirty
Three Ds Marine,465158915_8605905326123320_5006713386041814107_n.jpg,dirty
Three Ds Marine,46516200_1983204038393515_5825976339336790016_n.jpg,clean
Three Ds Marine,465165286_8605905312789988_2694049602869940633_n.jpg,dirty
Three Ds Marine,465174331_8598614223519097_1189478627766085877_n.jpg,dirty
Three Ds Marine,465176158_8605905316123321_5994772188412968149_n.jpg,dirty
Three Ds Marine,465176182_8605904822790037_5794312373874381429_n.jpg,dirty
Three Ds Marine,465176549_8605904839456702_8761998053082723384_n.jpg,dirty
Three Ds Marine,465178439_8603877859659400_5372065791782607697_n.jpg,dirty
Three Ds Marine,46519162_1983212818392637_5611112182218489856_n.jpg,dirty
Three Ds Marine,46520397_1983203465060239_6946380839819149312_n.jpg,dirty
Three Ds Marine,46521402_1983209515059634_985127650727034880_n.jpg,dirty
Three Ds Marine,465229434_8596808887032964_373527860562052327_n.jpg,dirty
Three Ds Marine,465232216_8605904826123370_5079580875445917932_n.jpg,clean
Three Ds Marine,465236596_8605904819456704_4747615728701579437_n.jpg,dirty
Three Ds Marine,46524021_1983203225060263_6989021562896646144_n.jpg,clean
Three Ds Marine,465243304_8603877846326068_3964632836931223277_n.jpg,dirty
Three Ds Marine,465244180_8603877642992755_6142275124824499898_n.jpg,dirty
Three Ds Marine,465249283_8605904832790036_3500247784105095837_n.jpg,dirty
Three Ds Marine,465251405_8603877836326069_4670818695280815584_n.jpg,dirty
Three Ds Marine,465263185_8603877849659401_2151428529838782347_n.jpg,dirty
Three Ds Marine,465269100_8596809170366269_559093948932645027_n.jpg,dirty
Three Ds Marine,465272246_8598614240185762_8435355642950992196_n.jpg,dirty
Three Ds Marine,465278196_8605905306123322_1374255042941203479_n.jpg,dirty
Three Ds Marine,465283228_8598614243519095_5922121433264945271_n.jpg,dirty
Three Ds Marine,465395433_8605905319456654_8733248204117399358_n.jpg,dirty
Three Ds Marine,465401913_8603877646326088_7077631423095472548_n.jpg,dirty
Three Ds Marine,465453505_8605905322789987_6267472293927772884_n.jpg,dirty
Three Ds Marine,46624108_1983204011726851_8909396883701497856_n.jpg,clean
Three Ds Marine,46631797_1983203871726865_9056526236876013568_n.jpg,dirty
Three Ds Marine,46631806_1983203448393574_7586301533512269824_n.jpg,dirty
Three Ds Marine,46631826_1983203348393584_1257870306089893888_n.jpg,dirty
Three Ds Marine,46648887_1983212561725996_9121018430705631232_n.jpg,dirty
Three Ds Marine,46675044_1983208488393070_2248909549803143168_n.jpg,dirty
Three Ds Marine,46697409_1983212825059303_1083552104829681664_n.jpg,dirty
Three Ds Marine,46706053_1983209351726317_6755771672986386432_n.jpg,dirty
Three Ds Marine,46722160_1983203825060203_1134146871116169216_n.jpg,dirty
Three Ds Marine,46730513_1983203745060211_8070079975354531840_n.jpg,dirty
Three Ds Marine,46730521_1983204658393453_867281775418671104_n.jpg,clean
Three Ds Marine,46762603_1983209085059677_5300718241516093440_n.jpg,dirty
Three Ds Marine,47319858_2002131733167412_2197882830065762304_n.jpg,dirty
Three Ds Marine,47325070_2002131863167399_1841429655786094592_n.jpg,dirty
Three Ds Marine,47339471_2002131543167431_7288817233709498368_n.jpg,clean
Three Ds Marine,47341524_2002131636500755_7919360124009840640_n.jpg,clean
Three Ds Marine,47350606_2002131716500747_3844201677896810496_n.jpg,clean
Three Ds Marine,47352446_2002131853167400_7222554985072951296_n.jpg,dirty
Three Ds Marine,47354962_2002131813167404_2604928726227484672_n.jpg,dirty
Three Ds Marine,47386293_2002131796500739_4871351881353396224_n.jpg,dirty
Three Ds Marine,47480436_2002131773167408_6005234727944978432_n.jpg,dirty
Three Ds Marine,47499569_2002131566500762_174418295473045504_n.jpg,dirty
Three Ds Marine,47571734_2007305152650070_4943068308959133696_n.jpg,dirty
Three Ds Marine,47572308_2007305452650040_7692642119147585536_n.jpg,dirty
Three Ds Marine,47572949_2007305175983401_6465235556526718976_n.jpg,dirty
Three Ds Marine,47573818_2002131613167424_6003553772234604544_n.jpg,dirty
Three Ds Marine,47574342_2008560419191210_6823785950452121600_n.jpg,clean
Three Ds Marine,47575311_2007305225983396_5295803192611700736_n.jpg,dirty
Three Ds Marine,47576751_2007305319316720_4441131359569707008_n.jpg,dirty
Three Ds Marine,47578620_2007305262650059_6118927232439156736_n.jpg,clean
Three Ds Marine,47578718_2007305352650050_4752941746126585856_n.jpg,dirty
Three Ds Marine,47580847_2007305135983405_7478302978831548416_n.jpg,dirty
Three Ds Marine,47679728_2002131653167420_8840152085220556800_n.jpg,clean
Three Ds Marine,47679779_2008560455857873_3124764359117504512_n.jpg,clean
Three Ds Marine,47679939_2008561192524466_4162785665966145536_n.jpg,dirty
Three Ds Marine,47679991_2007305272650058_7184063277712801792_n.jpg,dirty
Three Ds Marine,47681145_2008560519191200_3993167520432390144_n.jpg,dirty
Three Ds Marine,47681173_2008763662504219_1873423245131120640_n.jpg,clean
Three Ds Marine,47681354_2008560402524545_7329408501472559104_n.jpg,dirty
Three Ds Marine,47681623_2008560565857862_5141988722840961024_n.jpg,clean
Three Ds Marine,47685331_2008600745853844_1337855250115067904_n.jpg,clean
Three Ds Marine,47685335_2008600692520516_2119035154725863424_n.jpg,clean
Three Ds Marine,47688897_2008561182524467_6993616207240757248_n.jpg,clean
Three Ds Marine,47689375_2008561219191130_5570244460295487488_n.jpg,clean
Three Ds Marine,48020598_2008561132524472_7600319340398772224_n.jpg,dirty
Three Ds Marine,48045809_2008763705837548_7758758420500447232_n.jpg,clean
Three Ds Marine,48059643_2008561165857802_6904311613679992832_n.jpg,dirty
Three Ds Marine,48156161_2007305245983394_6236570999471472640_n.jpg,dirty
Three Ds Marine,48172405_2008560542524531_4572915799617961984_n.jpg,clean
Three Ds Marine,48185528_2008561232524462_5622506678915170304_n.jpg,dirty
Three Ds Marine,48194724_2007305195983399_5037099724482543616_n.jpg,dirty
Three Ds Marine,48249890_2008561109191141_8276511947734646784_n.jpg,dirty
Three Ds Marine,48255993_2008560372524548_3479739922913427456_n.jpg,dirty
Three Ds Marine,48274882_2008561249191127_2861258404586848256_n.jpg,dirty
Three Ds Marine,48275576_2007305115983407_8946261623090184192_n.jpg,dirty
Three Ds Marine,48275850_2008600679187184_1140297603586457600_n.jpg,dirty
Three Ds Marine,48328479_2008560435857875_5414589798901874688_n.jpg,dirty
Three Ds Marine,48357876_2008600645853854_3434508381073702912_n.jpg,dirty
Three Ds Marine,48359423_2008560485857870_2306246938002980864_n.jpg,clean
Three Ds Marine,48361545_2007305322650053_3184001411352363008_n.jpg,dirty
Three Ds Marine,48376381_2026951547352097_850547487616794624_n.jpg,dirty
Three Ds Marine,48382491_2026951640685421_1114468013865697280_n.jpg,dirty
Three Ds Marine,48392376_2026951604018758_7157871914306764800_n.jpg,dirty
Three Ds Marine,48394382_2026951564018762_5713289329636278272_n.jpg,dirty
Three Ds Marine,48415922_2026951440685441_6766600973461749760_n.jpg,dirty
Three Ds Marine,48416873_2026951610685424_7755914074113703936_n.jpg,dirty
Three Ds Marine,48418327_2026951410685444_6927397904709582848_n.jpg,clean
Three Ds Marine,48423984_2026951490685436_8128266208005849088_n.jpg,dirty
Three Ds Marine,49099446_2026951450685440_1477582149845516288_n.jpg,dirty
Three Ds Marine,49443014_2049242301789688_510753847233216512_n.jpg,clean
Three Ds Marine,49640373_2049242281789690_5744254819774758912_n.jpg,clean
Three Ds Marine,49898023_2049242331789685_5887092280849858560_n.jpg,clean
Three Ds Marine,49938294_2049242348456350_474315662521532416_n.jpg,dirty
Three Ds Marine,50035257_2049242315123020_9194499840761921536_n.jpg,clean
Three Ds Marine,50201691_2049242265123025_3021659344144957440_n.jpg,clean
Three Ds Marine,50590572_2076377955742789_1785267563911970816_n.jpg,clean
Three Ds Marine,50823729_2076377925742792_6250892202847764480_n.jpg,dirty
Three Ds Marine,50872917_2076377809076137_2151994965683601408_n.jpg,dirty
Three Ds Marine,50981243_2076377859076132_8015303671858331648_n.jpg,dirty
Three Ds Marine,51161360_2076377785742806_2462633191240892416_n.jpg,dirty
Three Ds Marine,51202462_2076377892409462_5686368715143118848_n.jpg,dirty
Three Ds Marine,51275657_2076377982409453_911429022699749376_n.jpg,clean
Three Ds Marine,51366369_2076377832409468_965851249092067328_n.jpg,dirty
Three Ds Marine,64698675_2307429475970968_4069404276563116032_n.jpg,dirty
Three Ds Marine,64764452_2307432132637369_6700541065029484544_n.jpg,dirty
Three Ds Marine,64885435_2307431969304052_7452003455264096256_n.jpg,dirty
Three Ds Marine,64896836_2307428752637707_3174632872204042240_n.jpg,dirty
Three Ds Marine,64910671_2307431992637383_4053637979900477440_n.jpg,clean
Three Ds Marine,64919632_2307432179304031_4074556557986103296_n.jpg,dirty
Three Ds Marine,64978478_2307432265970689_4037735996631023616_n.jpg,dirty
Three Ds Marine,64994879_2307432139304035_5851994564021190656_n.jpg,clean
Three Ds Marine,65106205_2307428832637699_3464886998290923520_n.jpg,dirty
Three Ds Marine,65158843_2307432219304027_4243731132182429696_n.jpg,dirty
Three Ds Marine,65159273_2307432409304008_2139505046168010752_n.jpg,dirty
Three Ds Marine,65162172_2307432329304016_5547302274008612864_n.jpg,dirty
Three Ds Marine,65187942_2307432455970670_673559921232445440_n.jpg,dirty
Three Ds Marine,65288798_2307429449304304_3634466197061238784_n.jpg,dirty
Three Ds Marine,65306521_2307431939304055_3336732312413929472_n.jpg,clean
Three Ds Marine,65319533_2307428812637701_1590294843450458112_n.jpg,dirty
Three Ds Marine,65378892_2307431889304060_110542223291973632_n.jpg,clean
Three Ds Marine,65439730_2307432532637329_8781855038118035456_n.jpg,dirty
Three Ds Marine,65478885_2307431912637391_3006313752413863936_n.jpg,dirty
Three Ds Marine,65554881_2307432052637377_1092362306819457024_n.jpg,dirty
Three Ds Marine,65607910_2307428745971041_5120810969248825344_n.jpg,dirty
Three Ds Marine,65635822_2325570854156830_7979217816198840320_n.jpg,dirty
Three Ds Marine,65744663_2325570914156824_255717276152496128_n.jpg,dirty
Three Ds Marine,65915261_2325570807490168_5608108922041794560_n.jpg,dirty
Three Ds Marine,66156520_2325570947490154_12758492410544128_n.jpg,dirty
Three Ds Marine,66578458_2345934372120478_1671920052665843712_n.jpg,dirty
Three Ds Marine,66628011_2345934645453784_2485709045499953152_n.jpg,dirty
Three Ds Marine,66638761_2345934245453824_6196388084314013696_n.jpg,dirty
Three Ds Marine,66658729_2345934448787137_813688748297420800_n.jpg,dirty
Three Ds Marine,66714988_2345934515453797_4846150941700784128_n.jpg,dirty
Three Ds Marine,66765115_2345934348787147_1495542255673409536_n.jpg,clean
Three Ds Marine,66788083_2363617537018828_946107241482682368_n.jpg,clean
Three Ds Marine,66819801_2345934655453783_6770619795835453440_n.jpg,dirty
Three Ds Marine,66860894_2345934525453796_1918357583823896576_n.jpg,dirty
Three Ds Marine,66904466_2345934478787134_2735228915772555264_n.jpg,dirty
Three Ds Marine,67114665_2363617750352140_6774647543151198208_n.jpg,dirty
Three Ds Marine,67141028_2363617910352124_8020007807803719680_n.jpg,dirty
Three Ds Marine,67184457_2363617807018801_3466502528764477440_n.jpg,dirty
Three Ds Marine,67240929_2345934575453791_7042509569477574656_n.jpg,dirty
Three Ds Marine,67289571_2363618077018774_6343840827051081728_n.jpg,dirty
Three Ds Marine,67303935_2363618007018781_7407601696810991616_n.jpg,dirty
Three Ds Marine,67382372_2345934602120455_8625116193834926080_n.jpg,dirty
Three Ds Marine,67403651_2363617710352144_1522222738545049600_n.jpg,dirty
Three Ds Marine,67652830_2389432894437292_9059975245938556928_n.jpg,dirty
Three Ds Marine,67672093_2389432921103956_7922111746347630592_n.jpg,dirty
Three Ds Marine,67802293_2389432751103973_4896844006903775232_n.jpg,dirty
Three Ds Marine,67828204_2395340073846574_8902360902636929024_n.jpg,dirty
Three Ds Marine,67838661_2395345833845998_145335804896477184_n.jpg,clean
Three Ds Marine,67845242_2389432794437302_2485490719427395584_n.jpg,dirty
Three Ds Marine,67892658_2389432844437297_2861733651308085248_n.jpg,dirty
Three Ds Marine,67938128_2395346127179302_3436404518940573696_n.jpg,clean
Three Ds Marine,68280271_2395346207179294_2576577535437438976_n.jpg,clean
Three Ds Marine,68294565_2389432851103963_3746250842722795520_n.jpg,dirty
Three Ds Marine,68703372_2395345993845982_3371200627555172352_n.jpg,clean
Three Ds Marine,68743002_2395346160512632_100865468700557312_n.jpg,clean
Three Ds Marine,68750715_2395339987179916_7201215611861467136_n.jpg,dirty
Three Ds Marine,68916544_2395346270512621_1461372780061655040_n.jpg,clean
Three Ds Marine,68916876_2395339953846586_3921862288700604416_n.jpg,dirty
Three Ds Marine,69068162_2395340037179911_3650502045871374336_n.jpg,dirty
Three Ds Marine,69135623_2395346077179307_2699105230041120768_n.jpg,clean
Three Ds Marine,69205652_2395346023845979_3074296938611343360_n.jpg,clean
Three Ds Marine,69215644_2395346067179308_1034063610449494016_n.jpg,clean
Three Ds Marine,69549669_2410249925688922_8918486056702050304_n.jpg,dirty
Three Ds Marine,71775836_2757374270976484_371008084006404096_n.jpg,dirty
Three Ds Marine,79519313_2757374470976464_8564649728686424064_n.jpg,dirty
Three Ds Marine,82288131_2757354917645086_2013529442013413376_n.jpg,dirty
Three Ds Marine,83136843_2757369354310309_1743148524742115328_n.jpg,dirty
Three Ds Marine,83136843_2757376024309642_4470126645130297344_n.jpg,dirty
Three Ds Marine,83272266_2757369410976970_7389290339967696896_n.jpg,dirty
Three Ds Marine,83428112_2757374664309778_5604709747484786688_n.jpg,dirty
Three Ds Marine,83466832_2757375907642987_716426606834352128_n.jpg,dirty
Three Ds Marine,83555015_2757374520976459_1236159289358286848_n.jpg,dirty
Three Ds Marine,83929764_2757372860976625_6110072568947933184_n.jpg,dirty
Three Ds Marine,84002324_2757374670976444_6224409821047685120_n.jpg,dirty
Three Ds Marine,84086889_2757374740976437_716919278237908992_n.jpg,dirty
Three Ds Marine,84118396_2757372807643297_941466323160924160_n.jpg,dirty
Three Ds Marine,84139249_2757374334309811_4106894908650946560_n.jpg,dirty
Three Ds Marine,84167942_2757371787643399_8946622722465595392_n.jpg,dirty
Three Ds Marine,84171107_2757360137644564_7029292318725242880_n.jpg,dirty
Three Ds Marine,84179328_2757374427643135_1463727710630051840_n.jpg,dirty
Three Ds Marine,84187152_2757360110977900_1621484681205645312_n.jpg,dirty
Three Ds Marine,84262026_2757354794311765_587590047654477824_n.jpg,dirty
Three Ds Marine,84267787_2757376140976297_3184022272008519680_n.jpg,dirty
Three Ds Marine,84267790_2757376287642949_8161657371119058944_n.jpg,dirty
Three Ds Marine,84274017_2757360330977878_2062985827218096128_n.jpg,dirty
Three Ds Marine,84274415_2757362994310945_7320075404394364928_n.jpg,dirty
Three Ds Marine,84291330_2757376230976288_3211367293695033344_n.jpg,dirty
Three Ds Marine,84297220_2757376064309638_3032808623978840064_n.jpg,dirty
Three Ds Marine,84334502_2757360254311219_2348155845897879552_n.jpg,dirty
Three Ds Marine,84338517_2757369520976959_1937028931941040128_n.jpg,dirty
Three Ds Marine,84342192_2757374397643138_1431265664907083776_n.jpg,dirty
Three Ds Marine,84358904_2757374494309795_8965227391215468544_n.jpg,dirty
Three Ds Marine,84358935_2757374530976458_385982672167501824_n.jpg,dirty
Three Ds Marine,84383005_2757374577643120_880859442646614016_n.jpg,dirty
Three Ds Marine,84400053_2757376124309632_8635225765165662208_n.jpg,dirty
Three Ds Marine,84411154_2757354850978426_2037512255926435840_n.jpg,dirty
Three Ds Marine,84413137_2757369454310299_4109328544495042560_n.jpg,dirty
Three Ds Marine,84413709_2757368024310442_8312713110381133824_n.jpg,dirty
Three Ds Marine,84414909_2757375977642980_986119637848555520_n.jpg,clean
Three Ds Marine,84442352_2757375937642984_5325040400795172864_n.jpg,dirty
Three Ds Marine,84462284_2757360337644544_3088114574252048384_n.jpg,clean
Three Ds Marine,84472292_2757360187644559_99537172754857984_n.jpg,clean
Three Ds Marine,84506949_2757372884309956_5130137245918953472_n.jpg,dirty
Three Ds Marine,84507787_2757354854311759_7541225525323235328_n.jpg,dirty
Three Ds Marine,84518353_2757368144310430_6521147595404869632_n.jpg,dirty
Three Ds Marine,84663533_2757374327643145_3889382513352638464_n.jpg,dirty
Three Ds Marine,84884781_2757371777643400_2033681823703236608_n.jpg,clean
Three Ds Marine,84920109_2757354800978431_4955015293068902400_n.jpg,dirty
Three Ds Marine,84946351_2757372924309952_2201818991498887168_n.jpg,dirty
Three Ds Marine,84974912_2757362904310954_1511188241712152576_n.jpg,dirty
Three Ds Marine,85092653_2757376207642957_2982756058658766848_n.jpg,dirty
Three Ds Marine,85190618_2757374614309783_2035856885336244224_n.jpg,dirty
Three Ds Marine,85198097_2757360320977879_5012893559385227264_n.jpg,clean
Three Ds Marine,85254610_2757362944310950_5162863565274611712_n.jpg,dirty
Three Ds Marine,90462845_2859671047413472_8857388725282275328_n.jpg,clean
Three Ds Marine,90790055_2859671860746724_7481643007393923072_n.jpg,dirty
Three Ds Marine,91078111_2859671024080141_8369063558046023680_n.jpg,dirty
Three Ds Marine,91084363_2859670894080154_2090087886899642368_n.jpg,dirty
Three Ds Marine,91092318_2859670944080149_880072986890076160_n.jpg,dirty
Three Ds Marine,91098821_2859671054080138_1694341560067424256_n.jpg,dirty
Three Ds Marine,91117542_2859671824080061_3311545902635679744_n.jpg,dirty
Three Ds Marine,91187922_2859671750746735_3143512067458203648_n.jpg,dirty
Three Ds Marine,91269404_2859670977413479_6251626440391917568_n.jpg,dirty
Three Ds Marine,97333014_2995580467155862_6751538029233438720_n.jpg,dirty
Three Ds Marine,97493919_2995584203822155_7014349629286252544_n.jpg,dirty
Three Ds Marine,97504743_2995576500489592_6149597014079307776_n.jpg,clean
Three Ds Marine,97522168_2995576527156256_2549814657913192448_n.jpg,dirty
Three Ds Marine,97560875_2995584097155499_7862989906610487296_n.jpg,dirty
Three Ds Marine,97568443_2995576700489572_3204196631045996544_n.jpg,clean
Three Ds Marine,97618635_2995584043822171_3826844525347733504_n.jpg,dirty
Three Ds Marine,97694427_2995583953822180_6217983068209152_n.jpg,dirty
Three Ds Marine,97819705_2995584590488783_4930719990220324864_n.jpg,clean
Three Ds Marine,97834784_2995576490489593_1605899335810154496_n.jpg,dirty
Three Ds Marine,97917140_2995584170488825_3862568147760447488_n.jpg,dirty
Three Ds Marine,97917143_2995581507155758_7490693203566264320_n.jpg,dirty
Three Ds Marine,97941301_2995576937156215_3718387882340122624_n.jpg,dirty
Three Ds Marine,97976268_2995577880489454_1591209542635487232_n.jpg,dirty
Three Ds Marine,97979979_2995580690489173_4593988751713107968_n.jpg,dirty
Three Ds Marine,97980050_2995576877156221_3673250301499932672_n.jpg,dirty
Three Ds Marine,97997746_2995576760489566_1942051994977959936_n.jpg,dirty
Three Ds Marine,98005372_2995584030488839_8101805167898263552_n.jpg,dirty
Three Ds Marine,98005897_2995578000489442_8031997251960176640_n.jpg,dirty
Three Ds Marine,98039379_2995580717155837_6808829482758045696_n.jpg,dirty
Three Ds Marine,98063341_2995580643822511_4992024596761804800_n.jpg,dirty
Three Ds Marine,98179838_2995580383822537_3161088710015975424_n.jpg,dirty
Three Ds Marine,98193624_2995576380489604_8086723811145154560_n.jpg,clean
Three Ds Marine,98203756_2995577847156124_5441078696167342080_n.jpg,dirty
Three Ds Marine,98307205_2995578020489440_8899206966417555456_n.jpg,dirty
Three Ds Marine,98313580_2995605893819986_71578206968217600_n.jpg,dirty
Three Ds Marine,98318438_2995580680489174_8594363862923345920_n.jpg,dirty
Three Ds Marine,98319580_2995580413822534_8021308727627874304_n.jpg,dirty
Three Ds Marine,98319586_2995583843822191_9133859571171852288_n.jpg,dirty
Three Ds Marine,98344582_2995576693822906_7775101849098518528_n.jpg,dirty
Three Ds Marine,98357308_2995583833822192_4771109663947096064_n.jpg,dirty
Three Ds Marine,98414676_2995580563822519_3608508054674341888_n.jpg,dirty
Three Ds Marine,99111156_2995577973822778_1155618769838538752_n.jpg,dirty
Three Ds Marine,99118076_2995576837156225_3843682828667584512_n.jpg,dirty
Three Ds Marine,99123286_2995584567155452_2142999083667685376_n.jpg,dirty
Three Ds Marine,99138458_2995576633822912_5521907365042978816_n.jpg,dirty
Three Ds Marine,99151563_2995581543822421_4791219632834871296_n.jpg,dirty
Three Ds Marine,99156873_2995576833822892_2248961162425139200_n.jpg,dirty
Three Ds Marine,99156873_2995584133822162_4061448704345767936_n.jpg,dirty
Three Ds Marine,99291046_2995584077155501_5542441947282538496_n.jpg,dirty
Three Ds Marine,99293208_2995580533822522_6913135112888516608_n.jpg,dirty
Three Ds Marine,99297205_2995580490489193_5849114981722750976_n.jpg,dirty
Three Ds Marine,99297821_2995576540489588_8822410009112477696_n.jpg,dirty
Three Ds Marine,99299187_2995576853822890_3730197487625961472_n.jpg,clean
Three Ds Marine,IMG_0390.JPEG,dirty
Three Ds Marine,IMG_0391.JPEG,dirty
Three Ds Marine,IMG_0392.JPEG,dirty
Three Ds Marine,IMG_0393.JPEG,dirty
Three Ds Marine,IMG_0394.JPEG,dirty
Three Ds Marine,IMG_0395.JPEG,dirty
Three Ds Marine,IMG_0396.JPEG,dirty
Three Ds Marine,IMG_0397.JPEG,dirty
Three Ds Marine,IMG_0398.JPEG,dirty
Three Ds Marine,IMG_0399.JPEG,dirty
Three Ds Marine,IMG_0400.JPEG,dirty
Three Ds Marine,IMG_0401.JPEG,dirty
Three Ds Marine,IMG_0402.JPEG,dirty
Three Ds Marine,IMG_0403.JPEG,dirty
Three Ds Marine,IMG_0406.JPEG,dirty
Three Ds Marine,IMG_0407.JPEG,dirty
Three Ds Marine,IMG_0408.JPEG,dirty
Three Ds Marine,IMG_0409.JPEG,dirty
Three Ds Marine,IMG_0411.JPEG,dirty
Three Ds Marine,IMG_0412.JPEG,dirty
Three Ds Marine,IMG_0413.JPEG,dirty
Three Ds Marine,IMG_0414.JPEG,dirty
Three Ds Marine,IMG_0416.JPEG,dirty
Three Ds Marine,IMG_0417.JPEG,dirty
Three Ds Marine,IMG_0418.JPEG,dirty
Three Ds Marine,IMG_0419.JPEG,dirty
Three Ds Marine,IMG_0420.JPEG,dirty
Three Ds Marine,IMG_0421.JPEG,dirty
Three Ds Marine,IMG_0422.JPEG,dirty
Three Ds Marine,IMG_0423.JPEG,dirty
Three Ds Marine,IMG_0424.JPEG,dirty
Three Ds Marine,IMG_0427.JPEG,dirty
Three Ds Marine,IMG_0428.JPEG,dirty
Three Ds Marine,IMG_0429.JPEG,dirty
Three Ds Marine,IMG_0430.JPEG,dirty
Three Ds Marine,IMG_0431.JPEG,dirty
Three Ds Marine,IMG_0433.JPEG,dirty
Three Ds Marine,IMG_0434.JPG,dirty
Three Ds Marine,IMG_0435.JPG,dirty
Three Ds Marine,IMG_0436.JPG,dirty
Three Ds Marine,IMG_2133.jpg,dirty
Three Ds Marine,IMG_2135.jpg,dirty
Three Ds Marine,IMG_2137.jpg,dirty
Three Ds Marine,IMG_2140.jpg,dirty
Three Ds Marine,IMG_2141.jpg,dirty
Three Ds Marine,IMG_2142.jpg,dirty
Three Ds Marine,IMG_2143.jpg,dirty
Three Ds Marine,IMG_2152.jpg,dirty
Three Ds Marine,IMG_2154.jpg,dirty
Three Ds Marine,IMG_2158.jpg,dirty
Three Ds Marine,IMG_2161.jpg,dirty
Three Ds Marine,IMG_2165.jpg,dirty
Three Ds Marine,IMG_2166.jpg,dirty
Three Ds Marine,IMG_2168.jpg,dirty
Three Ds Marine,IMG_2175.jpg,clean
Three Ds Marine,IMG_2177.jpg,clean
Three Ds Marine,IMG_2178.jpg,dirty
Three Ds Marine,IMG_2179.jpg,dirty
Three Ds Marine,IMG_2181.jpg,dirty
Three Ds Marine,IMG_2182.jpg,dirty
Three Ds Marine,IMG_2189.jpg,clean
Three Ds Marine,IMG_2193.jpg,dirty
Three Ds Marine,IMG_2194.jpg,dirty
Three Ds Marine,IMG_2223.jpg,dirty
Three Ds Marine,IMG_2224.jpg,clean
Three Ds Marine,IMG_2226.jpg,clean
Three Ds Marine,IMG_2227.jpg,clean
Three Ds Marine,IMG_2228.jpg,clean
Three Ds Marine,IMG_2229.jpg,clean
Three Ds Marine,IMG_2282.jpg,clean
Three Ds Marine,IMG_2284.jpg,clean
Three Ds Marine,IMG_2286.jpg,clean
Three Ds Marine,IMG_2287.jpg,clean
Three Ds Marine,IMG_2291.jpg,clean
Three Ds Marine,IMG_2292.jpg,clean
Three Ds Marine,IMG_2293.jpg,clean
Three Ds Marine,IMG_2454.jpg,dirty
Three Ds Marine,IMG_2455.jpg,dirty
Three Ds Marine,IMG_2456.jpg,dirty
Three Ds Marine,IMG_2457.jpg,dirty
Three Ds Marine,IMG_3177.jpg,dirty
Three Ds Marine,IMG_3179.jpg,dirty
Three Ds Marine,IMG_9512.jpg,clean
Three Ds Marine,IMG_9513.jpg,clean
Three Ds Marine,IMG_9514.jpg,dirty
Three Ds Marine,New folder,not_used
